{
    "name": "ibmhack",
    "version": "0.1.0",
    "private": true,
    "dependencies": {
      "@testing-library/jest-dom": "^5.16.5",
      "@testing-library/react": "^13.4.0",
      "@testing-library/user-event": "^13.5.0",
      "cors": "^2.8.5",
      "framer-motion": "^10.16.0",
      "mdb-react-ui-kit": "^6.2.0",
      "react": "^18.2.0",
      "react-dom": "^18.2.0",
      "react-hooks": "^1.0.1",
      "react-intersection-observer": "^9.5.2",
      "react-responsive-carousel": "^3.2.23",
      "react-router-dom": "^6.15.0",
      "react-scripts": "5.0.1",
      "tachyons": "^4.12.0",
      "web-vitals": "^2.1.4"
    },
    "scripts": {
      "predeploy": "npm run build",
      "deploy": "gh-pages -d build",
      "start": "react-scripts start",
      "build": "react-scripts build",
      "test": "react-scripts test",
      "eject": "react-scripts eject"
    },
    "eslintConfig": {
      "extends": [
        "react-app",
        "react-app/jest"
      ]
    },
    "browserslist": {
      "production": [
        ">0.2%",
        "not dead",
        "not op_mini all"
      ],
      "development": [
        "last 1 chrome version",
        "last 1 firefox version",
        "last 1 safari version"
      ]
    }
    
  }
  